{
    "loss": 0.7342345118522644,
    "accuracy": 0.5035971403121948
}