{
    "loss": 0.8366409540176392,
    "accuracy": 0.5035971403121948
}