{
    "loss": 0.06264439970254898,
    "accuracy": 0.9640287756919861
}